textID,sentiment
f87dea47db,1
96d74cb729,1
eee518ae67,1
01082688c6,1
33987a8ee5,1
726e501993,1
261932614e,0
afa11da83f,1
e64208b4ef,1
37bcad24ca,1
24c92644a4,0
43b390b336,1
69d6b5d93e,0
5c1e0b61a1,1
504e45d9d9,1
ae93ad52a0,0
9fce30159a,0
00d5195223,1
33f19050cf,1
f7718b3c23,1
9ef44428d0,0
be634ebeb0,1
3dcf4f7e13,1
f0ef04109b,1
8be365118e,1
c50bdd4567,1
334954f215,0
b783916431,1
1fa8e6ad66,1
be38b29042,1
95701e8ed9,1
4dd58ecd2c,1
cf553cccd5,1
55c69c2d52,1
9b1a52cc02,1
cce5c4744a,1
c7f9d559e2,1
3d2478db59,0
6d846d7d50,0
599f51af6b,0
87daa62920,1
6506dc55ff,1
746d87f93e,1
ef7ef8e474,1
d3d7b13278,1
ddc07db84e,1
67afe60d31,1
17d18ba9ef,1
ab57d75f20,0
f0acd25d8e,1
cf3b068b03,1
d6c34fa875,1
614aed9113,1
dfa577d3c1,1
10dcbe4dfb,1
a0bfb12773,1
71f4a9b495,1
d33ed264b3,1
77f88ea9e2,1
fe1deac869,1
e591a725ef,1
2dbb28cc29,1
a7e4ad250a,1
7d87899024,0
461b51fa58,1
c31d79c440,0
32ee7ef6c2,1
29f805a7d2,1
d41fe360e4,1
a04c8c8695,1
25e42b2bf2,1
5843d17b1d,1
474d10ff48,1
38e69da3a1,1
972dc5787d,1
0ba6aaf9aa,0
7a81537034,1
311d2b185b,1
1e46d72ec6,1
390f169584,1
58129e4130,1
e6c9e5e3ab,1
cb5e709de8,1
a14b4ff440,1
5d57a5eda2,1
1e3561e921,1
c2ea5cb58b,1
cde0016d6d,0
5fc411e8d1,1
5ffb19ae8f,1
76da985a47,1
3a98aa4762,1
886545bbab,1
2afe118dc3,1
704c53f4cf,1
71fa60d9ff,1
c238c4dbb7,0
dc73e85417,1
af63915fa9,1
eb2fc4d281,1
f9382a1f7b,1
54670ca807,1
3ab338c459,1
c7c7f7f025,1
1256e6a4d2,1
990cdeae87,1
9a55d83c79,1
c8307a482d,1
0a21b662a4,1
297f7d9e0f,1
68901906a4,1
3112944847,1
8f8334ffa2,1
322546026e,1
e6c154f9be,0
e96d849b35,1
124e30d941,1
fbb5742bbb,1
e90acf3c42,1
0b0944285d,1
a11da2d3bf,1
161bfc7c8a,1
4a65010643,1
1b460c82f0,1
43e91a5488,1
410dd99aa3,1
b3eadfc565,1
480894125b,1
001617fca4,1
52f2f23473,1
e7e27b0c91,1
834dc73c0c,1
aeb0e9d730,1
c672c9da1d,1
cbee1946d3,1
b1999f0951,1
25510fbf89,1
bcb9426abb,1
0d29624200,1
3f0f5891ab,1
0b34e66ea3,1
11de8c0456,0
d5712716e9,1
3f90f95beb,1
c108e09b19,1
7223fdccc2,1
f254748cdb,1
256453d14f,1
8fd01857a9,1
37227c0dbf,1
20aff2fcb1,0
ca223af36e,1
90977e9614,1
433b1ab9ea,1
37771d1bc1,1
fa99046452,1
14760477ad,0
da908a6635,1
2053a455e9,1
1ea547383b,1
6634c62acf,1
c7240790da,1
08ede23635,1
4e87dcff0e,1
4b0b53bc98,1
fd3a622954,1
e34af4fd97,1
0e8aa10a4e,1
29148dc95c,1
56a15cf6ca,0
b99969c2fb,1
b0f3142cb4,1
5ff525b74b,1
4fd80e66e0,1
e77a8f8f2d,1
4ea7102112,1
6a14956779,1
7c2fcb712e,1
cdd172d6a7,1
d2a21b3cb7,1
799e17e7a7,1
0a49cdbdf6,1
4a13c1093d,1
9407ce6ccc,1
820f19ca44,1
683bb73c09,1
0d14593b11,1
9ac13b3739,1
16ee71e6df,1
f5d47f04f5,1
e131c496a2,1
bc6d7b4364,1
c87be630b5,1
e4ad1684bb,1
f7835156a5,1
03bb148b87,1
b47c430fda,1
0234e16010,1
be9ed19513,1
bf7240df91,1
2f883c6eb1,1
a1320a5050,1
d72a60bee8,1
bc9ebe0002,0
64ddc1f8a2,0
03f6b8d900,0
2d475b1b23,0
87473f5175,0
7a09871d21,1
96ec2855e4,1
45cf9ba329,1
bab68144cd,1
fc49e426f5,1
a172818c9e,1
036191bb61,1
3ef85c201c,1
ea348ea738,1
fd10f463c9,1
e6e02e1be6,1
8112c62d00,1
0f89951346,0
f3ec0395b0,1
37ffa83550,1
cb8c730261,1
be33b5cb9a,1
4fed31099f,1
de288eb45b,1
7ab82d9fda,1
9d8a45d308,0
d25c4179f6,0
6cd35dd82e,1
65275b51e2,1
9fae9e3145,1
e515132ae4,1
df3c7485ae,1
bd8ba2ad7e,1
58be40735c,1
b5a0a16fd7,1
044f146e5c,1
a8e17db0cc,0
abda0ac082,1
b01506af48,1
53969f2468,0
4df63939ef,1
f43efa3560,1
c89e41fc7c,1
b9ec075666,1
ca333e378d,0
5a91b175f6,1
ac00adda49,0
cf9dc7479a,1
005e2e60d3,1
0b1fad03e9,1
2c72a5582a,1
af0778ed50,1
1e0416ec46,1
1e6f72ea44,0
cc930f7aa8,1
9c202174a3,1
b9a1df7a8a,1
7b3132d3cc,1
5f80970983,1
f008d91039,1
c223721eed,1
7f8a3308f8,1
3f7adda0a4,1
6c60cf0bb2,1
f77651be05,1
aff740a028,1
c3f1116734,0
4b57011c85,1
cb4266c560,1
dcb3bb2912,1
f61b40624e,1
b6d2229b03,1
299fda8c5b,1
fbea09d42d,1
1b62e0c672,1
2452a0aa6a,1
8a821c6d63,1
0f93ebfb23,1
dd655c5aee,1
e94ceb6edd,1
61e8b484df,1
5be41389ce,1
bd0f0ebc57,1
772ba56ce6,1
390f00c85a,0
4a680661d5,1
e2505e6219,1
0d85e6d515,0
086671fad9,1
9c99cd9396,1
f35cc8bb35,1
5ba64af2fd,1
dbd82ea5bd,1
8b6c53f38b,1
e8cb7f18bd,1
9ea273deaa,1
cf0d831059,1
8f0bafc9dc,1
0888d7dab7,1
04d3c2d056,1
8bbaca6e4b,1
4a9529e753,1
8be2d4f69f,1
d9c10546e6,1
90be8eaffb,1
8ba332dbbd,1
1086c26e82,1
b357b9e7d2,1
0050eebd18,1
426cb788e5,1
d30d23e543,1
04a204382a,1
2bc1a7126b,1
a2fb29c072,1
a2bbae6c4c,1
0ce30035ac,1
b3505b0aa7,1
99fcc18a8d,1
2b6bc6920b,1
d40dd3b17b,1
5aa8a5280f,1
7dd57c2598,0
142108215,1
f4aba8da1c,1
9cf9045a3c,1
1962095a32,1
9acf7846ab,0
e4d58eb70f,1
791b4a40af,1
0c415791d1,1
3bd0bff670,1
c7f27553b8,1
a717783c80,1
5a2add1cd8,1
5999397144,1
54a3eab849,1
77b6b38e7e,1
dd6ea8c37a,0
af08dd0be5,1
3cd447856a,1
d7765a3fd6,1
509033a1ff,1
b09f14d65a,0
3160620b36,1
b2e3ebc647,1
1f9644b008,1
1fee7a1358,1
42d3659c3d,1
8746563ae3,1
01fb29c047,0
065e4c2dba,1
d0380dbe70,1
d0c092c3ee,0
ed92ed183a,0
75d0302de7,1
96c5092f80,1
ddbc8dba62,1
80b61dc4e6,1
37897b1693,0
7a4af13b01,1
000ceaec55,1
97cd2255be,1
bebfd966a0,1
bebcdc05ad,1
e2ea1af68e,1
25c3c99b1a,1
ee27c73f40,1
f90a6f5da0,0
49e9fe8b96,1
b34a3e3d72,1
0a96d05fdf,1
ab3f55a84d,1
0437867c21,1
80ea9ba96f,1
4914c3c579,1
33bb4fcc72,1
f0da745521,1
351d279fba,1
b5237966b8,1
55cec41587,1
2cbc372326,1
8997a62a75,1
bce5834e03,0
a9b9f7a878,1
d72edc0bb2,1
2fdd2501d1,1
5fcaa99ec8,1
3dfd82c60f,0
16f31448e1,1
bab04dc463,1
109b636fa5,1
cc29d748cb,0
bf4b4c0f0b,1
64b297c15e,1
bc1fbaf4a1,1
f59d8d766f,0
8a1bf14c15,1
acfcaea70b,1
97e53162ff,1
c0b7788e74,1
15c531b290,0
23efa13d7c,1
c44b286776,1
29ed43caca,1
6693f9c143,1
94e0c7c638,1
6114b48cb9,1
32463a2751,1
65ed990460,1
505f50a90d,1
481e268403,1
5ce968f9be,1
52ad93b3fe,0
e892068fd3,1
226adfd977,1
47f11efc72,1
d7b1ac80c4,1
401cc22f49,1
583bae2083,1
f003be5308,1
49ce2570e5,1
0693a85163,0
4b273cd32a,1
22003c0e96,1
0fe049b7ea,1
3d1184dabd,1
c2392d49e0,1
a25ccabf06,0
9b3fcf1668,1
d7746b6b68,1
86c20cf6ee,1
393b22b6c0,1
3c03dc0dd0,1
25e2db9995,1
d17a3a37e1,1
58f1b52257,1
32489d483d,1
00d907ce33,1
a7f2db128a,1
d39e6da95c,0
09fea0f3a7,1
31eb8ebd2a,1
4dda8fd71a,1
e4d6a48aa7,1
d0b52412b8,1
14acfa72dc,1
c6d6fbb9a6,1
797f9cddc0,1
4c5672e236,1
d35f126ad0,1
efdff6dde7,1
4dd3339756,0
dd3cd66574,1
e83b4e9bf0,0
7a27c3a84d,1
19de569235,1
66f1863628,1
3690fcb40e,1
bad6311330,1
75499e3bd1,1
27d6472b81,1
80995dff29,1
ca2d9efd4c,1
12bb670169,1
70b4033f03,1
8df42cd45a,1
82bc030c0d,1
9d6473d14d,1
146257b271,1
2fbae49319,1
b56108fc36,1
ed54440a2e,1
c135b2cef2,1
48c3502151,1
5e6040afd3,1
3ea60172a0,1
96e1deb162,1
819626535b,1
fec3cae0c2,1
89d9167173,1
dd911923ea,1
4f8c391159,1
403847cf44,1
dad1d09bfb,1
56f5217a16,1
4a9ef1f9d8,1
5a42a51462,1
c5a584d398,1
fee936fdc3,1
2813c4cf7e,0
2246ed3d84,1
1b1243d0b5,1
09042bf466,1
40e3087f9c,1
ad94e8b662,1
fc0b053a31,1
9f2a0b0b2f,1
7516f86838,1
2492330594,1
9aa7d6a58a,1
083e4f782b,1
ba5e02305b,1
9f4bb12e13,0
7a01848c2e,1
ae285917c7,1
5575fdaf3c,1
af3fbd5681,1
db7211afbf,1
23602f214f,1
c3459bc0bb,1
f02eed05d0,1
ff7126ea72,1
567ef8c2ed,1
d50a4dc3bf,1
d6bd94911e,1
23bf2d69d2,1
a6623df1a6,1
34409c9b8a,1
6a36ea6690,1
c5ec3e9e37,1
e74d67a818,1
b09824d000,1
3af70d3bc2,1
5e5cb6d0a9,1
0db9bf3e1f,1
4de0e1bb73,1
9a6736745f,1
8d40f9e62d,1
727e51734b,1
db23b82d03,1
e03a74beca,1
80b171ef7a,1
d49d1b7de1,0
4809e143db,1
0edb544179,1
c50f940f43,1
9a27ba671e,1
27c4e1f089,1
9965c5a810,1
4f6d52cbd8,1
6c0bac4f19,1
e692bbaf63,1
365974d586,1
32db5fc0a5,1
600c58d8b3,1
792c269f24,1
2c6f1f637b,1
c6322a85c2,1
3aa450d12d,1
10ad2966fa,1
96b3a98962,1
b5c13364bb,0
06ae0360a2,0
060db97af7,1
67d5b57919,1
a4388148b8,1
e43b9a1497,1
527b27665d,1
dbe35b6a0d,1
92c4eadecf,1
b1cec36547,1
1b5dea3fe9,1
8d8c915ea5,1
9b46f1ae17,1
1c68a5f609,1
b9a6b682b2,1
092c10bd84,1
84fd3611d6,1
9b8052833a,1
f9bdd41842,0
13c47e9bc8,1
9a1eaacda3,1
8645bcae50,1
b70c6bf768,1
f67575d0e9,1
ba93b78cfc,1
77c659aa89,1
303a1773cf,0
aa8b44f1b2,1
bf95b25f9d,0
b21b048c1d,0
4f7cba2eff,1
31dbbd2bb4,1
a7506a67a4,1
b2c81f2c95,1
99c5936498,1
7315faa6ce,1
132462ca21,1
a7225483b3,1
2dfb1e0fe3,0
3a013a37a6,1
b70639aec0,0
0b5a804a3c,1
78ccd0cec0,1
1c464c8953,0
29da8ca76b,0
9d414d77dd,0
4d05d59122,1
5a2393940b,1
2fd9eef1f8,1
938c32de3e,1
0e3d04ed05,1
9a0fce6d7e,1
32eb024489,1
6af90a76e4,1
2b68738448,1
af087c9deb,1
8823244442,1
9bb06e4848,1
717e76b467,1
3b6fdcc518,1
f6cb27e38e,1
419f3e9ef8,0
f29654c873,1
7e46f3f92a,1
43ad351369,1
853ebd7b47,1
ef60a2d1e7,1
983088f2b4,1
50b353f751,1
c4cad35b0f,1
9c44566550,1
32b28d840b,1
d576839165,1
86f3b2e352,1
ef1eb004ff,1
36bc98037c,1
faaf6a6f64,1
69789cff46,1
586a76af3d,1
dfd9f1800b,0
e0090fba83,1
d9e1b10a4f,1
0e5d9cd378,1
1a82a50aa9,1
57ee48d640,0
e0794d1a3e,1
2baa1924cd,1
c3261537c6,0
4acd2d7380,1
259ab53f07,1
c180265483,1
1e7956b538,1
c8a9799256,1
9fdac069e1,1
e27ea173e0,1
e468a185dc,1
fe626ba958,1
995db37ffd,1
a539826f28,0
5efc764068,1
e133dbdc62,1
e74af209c6,1
aca7565010,1
cac874449f,1
bff45fe27f,1
60521a571e,1
3b6a25d97c,1
bcf13877f7,1
c4a8602e0a,1
4e06f98760,1
62aebe35b6,1
0237b6fd87,1
c860b3f840,1
cfdb8ea6d8,1
935a3c2bf5,1
c1e33be64e,1
000b3211af,1
ffa3258a83,1
10f2498c35,0
35674461fe,1
4c086d6a58,1
d6a8cee69b,1
8e4553e921,1
cbfe82ef26,0
9fb92f7504,1
49ffb6b465,1
ed0ace22bf,1
dc346c6f1c,0
178b3ca782,1
0e83e0955a,1
6d3596cdb3,1
696a2abd8a,1
26d169a9e9,1
52fd9f56fb,1
2f7b589c41,1
1620bd719e,1
6e805ea65a,1
08f6036add,1
ce4b5fe266,1
792c97a352,1
384a8c1c53,1
8c08631422,1
daed8640af,1
0c79867978,1
fe588dce16,1
30b5985a07,1
c3e87ee9c0,1
5bbfbb31da,1
41cf23c2d2,1
e027169ec6,0
6c843b2f56,1
29736d30cc,1
2da7ae1656,1
0927b99040,1
a35cb60975,1
7e49648b99,1
b7234b7720,1
5bbef6942a,1
c9e5ca399a,1
d7607b8133,1
2d5206550f,1
13632b763a,1
f841b0e812,1
09e0880c54,0
bf2419a824,1
2fac1b845b,1
15fb68bf9f,1
a93afddcdf,1
8ec2997024,1
6559ad2e3e,1
a2867122b8,1
17deedd7a4,1
d27429521a,1
273aa26c3d,1
c12a98d8f3,1
0a60d11178,1
58b7571313,1
a25f8983ff,1
9b172f1737,1
c016333e85,1
63ec4e7de6,1
7796395821,0
4f2e517832,1
b3b338bcd0,1
add95c3198,1
c41d259d60,1
3099b7261b,1
15892f296d,1
d12acf4e01,1
dad3160e52,1
598603422e,1
c3c79502f9,1
02b43cd23c,1
058f39acca,1
90af5c843a,0
200f2b3566,1
85f882c027,1
5496094dac,1
866582d5a3,1
cb20977501,1
ddfc2cc8b3,1
0de656eac1,1
6be59d11d8,1
31d260e718,1
b22aff92be,1
96cc75e508,1
664d148574,1
6872aea3a9,1
21d77a32fb,1
5d8cc77f93,1
803e9c0931,0
16ca8a5ecc,1
038c049e2a,1
28e1999323,1
438a7d203a,1
0117a03b6d,1
cad99e531f,1
4987bf323b,1
ba3e84e67f,0
b2dc59805a,1
797aa81fda,0
0ea64bcbe6,1
4e7fb463e0,1
b33c27ad85,1
50eb2a08c3,1
0ee55890a7,1
eb9c11eb52,0
cf16d0c659,1
f7aa65a988,1
b8a3fea60e,1
5389177883,1
e59fd12277,1
264f1af9a0,1
d19724f22f,1
9d4dfb1f9e,1
e6b380cd3d,1
993c6eadd2,1
7993d38b85,1
42caab438e,1
b5e7df1efe,1
017a0bbb36,1
12cfea907c,0
43449f0068,1
795556dc39,1
38e8111514,0
18ee9d146c,1
f5e9c0eef2,1
434e673353,1
8b8932427d,0
c5f383c0a0,1
1.03E+211,1
8def10379e,1
74af7e0835,0
bb53ba1a89,1
11c5c7850b,1
455ef3e9b6,1
d761530c7f,1
ed1e06027c,1
47b4e91e39,1
0b39781a5a,1
8fbd0b19e6,1
8429087609,1
7900f25fbc,1
312868ebb2,1
5f2c04acd4,1
55b8e44c02,1
106aa6d022,1
4975dbda48,1
a3145ba47e,1
7e19629684,1
3495e809b3,1
a1b67a24aa,1
a0b1828b67,1
311985067b,1
c392253b42,1
62f3e63c1a,1
2942ed51f6,1
03798acf38,1
fd1ebb37c3,1
478a005e7c,1
9608ece440,1
e6b24b7014,1
105b761a2c,1
cca7cce9c8,1
d0b2e14355,1
f27f60c847,1
5380d2b0e5,0
38148a3e98,1
b29ea1892f,1
7dd51bdec1,1
409767144d,1
c627db4613,1
9fc2217d38,1
d14b33ede0,1
e7ed611f06,1
a61d4c6048,1
74b427ffa8,1
c7568067cd,1
8a6cdf6832,1
f4d1a681af,1
f81d71d2c2,1
029a603b00,1
e6826a5aa5,1
1e41208494,1
23f4fd4385,1
aa17c6f797,1
136b1926c9,1
6f381bb00f,1
c0d5be8bd4,1
e09b90939a,1
ec835dc0b0,1
eaf90c4253,0
41a96b7954,1
e5a26fb323,1
4e5d66beb2,1
4c5a7e6ffc,1
53714350ac,1
b4401d6b4d,1
05ff657624,1
dd72ee1430,0
094e0509ad,0
0182dd7de1,1
5b70f8bc73,1
8c280d0f80,1
98c02118e6,1
f4f24160c3,1
80420cfe74,1
5f1811bb3d,1
c7d3ab998a,1
7abd932d50,1
ed298c6e5d,1
3257bafde1,1
2c150a0703,1
2252c58ab0,1
7d933d9d21,1
f6400f56e9,0
4477b985e5,1
66019ddc8f,1
a7cf141043,1
4b2b16581a,1
e1a3e4575d,1
719934e5e0,1
dcba201932,1
a55208f877,1
c13f8a6154,1
e0eeef2f3f,1
003816f151,1
69c36e5f81,1
898c63c69f,1
b01100d6c6,1
131da67079,0
2a83e56667,1
83b44dda65,1
b3fa6e5c24,1
03e41eeb4f,1
83fc759a0b,1
ff9722bca7,1
ebf6233a5b,1
9e4228219d,1
25ce9a8b1b,1
ed6a316e8a,1
4244aec072,1
90751fc00f,1
c653189d96,1
9b2b40dda6,1
e4838b68a2,0
0ce20ef06e,1
fb030409ab,1
ae1b11d7ec,1
8739e2666f,1
e9a77e014a,1
7920a12924,1
8c091fb754,1
d3e52b51b7,1
4addb8e422,0
f18b102ad6,1
7720aca199,1
6115285ce8,1
a7af432585,1
28db608c0d,1
7e45ea194d,1
4760319f17,1
f3de150883,0
7e82aab535,1
bcc50747b1,0
357483f649,1
261a5bbd14,1
b03e2a23e5,1
ad37dcf4ff,1
5cd1ac2c57,1
7f0a146e26,1
3626f85ac4,1
cbd04fb4eb,1
b8f7efe383,1
d2ca4e1d3c,1
8eedc5a2ed,1
3b5aecf8d6,1
a154540c08,1
48801ef73a,1
91412dffcb,1
68a9b81741,1
458f7b2493,1
cf05148ed6,0
c963a42282,0
3d17d4b72c,1
eb79aabf05,1
21d05898d3,1
e76b1c30bb,1
2c5f261ff3,1
d3935b8571,1
2a35e976ea,1
3d128b58d0,1
67348350a4,1
93b5d1bbea,1
ed6bd3958e,1
45e3f93e9b,1
51051cb758,1
b84ea78203,1
441dcaef31,1
b4e721aa1e,1
a92e8ab2a1,1
31d77e5ff5,1
e887fbdfd5,1
78094a1191,0
a447f480ec,1
e2fdad0321,1
67cafda653,1
356bdefc64,1
d6ce1fc670,0
d613b00386,1
507a584ae5,1
2418966865,1
6247a1db0b,1
e48cf1bff4,1
6e693017f6,1
2c60e1c7a2,0
b770afa9e6,0
fe7c9215ae,1
472c3e2c41,1
0d7697aa10,1
fe09df7e91,1
33eb5a33be,1
bab53b4152,0
f877442216,0
311740836a,1
80aff8d880,1
fe89e929f4,1
0f4be91a14,1
5225c062f9,1
bd499c0bf7,1
483bb46b97,1
dacb6d78af,1
98b6544758,1
275fa7a3f8,1
346ce6428b,1
086bee572e,1
22df86426d,1
63dcc7d29f,1
f7ac9e16e5,1
59159f2163,1
c7fc03de4d,1
002bb8f1b3,1
d112d2e5bf,1
c762607c42,1
09b5db7af0,1
aa51082711,1
d4b544abff,1
ea1e41d586,1
ba28fe48b2,1
39e9f0e449,1
209de29f24,1
52aad0e22e,1
21ab400cb3,1
e93220b868,0
57ea442d4d,1
88a120f336,1
52fc580b72,1
3dc1ed5f06,1
fe2f3f3359,1
e170fafd8c,1
b38df0845d,1
cf1739382c,1
63e434fbf0,1
43d10bd312,1
6230b5c435,1
c6bc7536ef,1
c8caef9df3,1
213eae85e9,1
dce070190c,0
8db4aaef4a,1
cf95521362,1
c1dc0dd0f6,1
951e093497,1
5a34a7e52c,1
59f6677324,1
9b0db4e33e,0
c9e8281f8c,1
cac1ba6f5a,1
da8a88b872,1
196e5dec12,1
811dc7e401,1
a777619b23,1
8cdaa4f6d8,1
6aa5004916,0
ff7949688c,1
309706ed4f,1
2.91E+08,1
afa094db6a,1
b694518332,0
2d76387d6e,1
0b3588bf63,1
0d401237c2,0
3922543d77,1
e3082089c9,1
564c21df63,0
2c8062a094,1
515793e794,1
c435fb9416,1
c5279762d3,1
97eeb0161d,1
f0f6fda1f6,1
e8ce4f8bdc,1
c881dc16e9,1
89d0aed1ff,1
2ef49da640,1
7db53ed89f,1
a2819eaa7a,1
37b50ef2a5,1
4cc7d9995d,0
c0abd616ab,1
32058d2bb5,1
144252776,1
0c8dd8b628,0
c80d7e9b26,1
102384b03c,1
f97b498af4,1
908abc1bd1,1
0187f448b1,0
e833f3a85d,1
f980f61df3,1
07b57f906c,1
18ee7c255c,1
f7dc083f08,1
6d43a06459,1
44da06d16c,1
938f7e936c,1
ffd54ac7f7,1
e1c4ad96a0,1
68e6a47c75,1
05f4f3ddc3,1
026d3b6611,1
aa7362d09b,1
c10d6fac3d,0
d554ee2fe0,0
8534e70d73,1
a9bc0bc35d,1
4b2b6a59d4,1
80a1ed08bf,0
cebe0fc8d3,1
a1833e30a5,1
f820ad932c,1
9e25d010e9,1
a3b686ba61,1
5d9b0f4b31,0
7e69bec42c,0
422cd4f89f,1
d78be7b22e,1
95db70d9c2,1
f2f05cbdae,1
ab43c568d8,1
9b04365a55,1
2f136d0402,1
dc4fa42628,1
1cd62f2da1,1
170f84ffcf,0
c8e099fef6,1
1e1cb8d9a4,1
9d968ef838,1
ca10e6b390,1
d59c09da6c,1
16b8e23839,1
e9dd5ad752,1
a1ac7a0543,1
56395aff30,1
356c8f7848,1
8d85d53e36,1
320a6e56fc,1
88c2d7f95e,1
0740ae9f9b,1
4d7def819d,1
50c0004af6,1
bcbc9b5e75,0
93236f076c,1
be4b907022,1
760723a562,1
f66a3af202,1
6e60ed6d59,0
9c01aa6afd,1
412790a2ed,1
266d2b648f,1
4683236241,1
3b45abf7b5,1
9f8cd8c991,1
c3a4f9710d,1
1914dd82b2,1
51a31aa9a1,1
7b9f3f4f39,1
88c7658eb5,1
474b02cd39,1
a5cee2035b,1
c7e1468a65,1
5a877ae4b8,1
b8a77cd14c,1
b2bada7873,1
aab1caabf0,1
7240ccb4b2,1
c26aabf505,1
4f05a05989,1
f4c7e939ef,1
1f2a8f57c9,1
9048ec6e22,1
c8a8b0e791,1
3cb4d10927,1
112591001f,1
0b91f39c27,1
bc28048a07,0
9f32a3213d,1
8d548b1783,1
fc7842b0b4,1
3285374ab0,0
d2141d6d47,1
c032793654,1
8bb73c2ccd,1
0996990dca,1
c635a113c8,1
88a4261005,1
11b14ae498,1
12005b65fc,1
dbabff5048,1
0415387eb8,1
d26016300e,1
e150ad9d31,1
5c0e819f2b,1
462978616d,1
75dc8a3ff6,1
a9a725abfa,1
ef1debc105,1
5c2ae1e5f0,1
b820cb8056,1
dc6dae7f3b,1
3d0c74e523,1
0de2a265ef,1
86ae985c48,1
cc3b05f756,1
5524acce17,1
b33e54d9c8,1
f288113937,1
1137d77ecc,1
496abe9ad9,0
5b204b5429,1
c0414a6961,1
65bef2f8c9,0
65e715d6e5,1
4b34697ec5,1
36c50ba510,1
cea5b3f191,1
aa221b6a7d,1
ffcd5cb36e,1
cb8ff954c0,1
af9a810c77,0
d98aa88591,1
a7977acf38,1
5a9faa4da8,1
1b8c3ffa29,1
aa1a163174,1
a4bb5d0c5c,1
24e58e264b,1
01f2c9bae6,1
e02cb0c9a8,1
3f8df1fed3,1
4b8092674a,1
ef7149efd3,1
c00890fdfc,1
e3592de395,1
ad970e1d3f,1
098f6ce321,1
2cd5a21fbc,1
fcc4f3baa5,1
b86fe0c61a,1
ea1b1fd1bb,1
ec00ec25c7,1
17d1fdde01,1
91de6a547d,1
6e8fb1ede7,1
fd9f6c3e21,0
c3892f8e77,1
639aeb628f,1
ef465b57eb,1
e0ead16a3d,1
b09213d54b,1
79256fbe62,1
5813e09e81,1
50d03d593e,1
6816923abd,1
2524332d66,1
1900a6978a,1
e8d9d9671b,1
c69ccdfa56,1
3c6723fa1b,1
85e2495324,0
16b52fbd17,0
755bcfd6a2,0
fdc09f2f0b,1
1643564ce1,1
b4b9d74b06,1
b593189c2d,1
7a83b8c7e2,0
66762b14cd,1
7d59117a75,1
a769b2340c,1
4d31092a19,1
fc4660a609,1
74450e128f,1
337ebe2747,1
9db7e301b9,1
7013b54ea6,1
990c3cf35f,1
10c5d92ceb,1
b8293bb838,0
cb8cb99053,1
a22d319e5f,1
4d3de34efa,1
8e092e15ed,1
356fce670b,1
1ad6adf2ab,1
53dbbbdf7d,1
5534df9445,1
ea390d1f7b,0
7880cbca66,1
58aa2e3401,1
d65a8658b0,1
3e99f423ba,0
d1b38c33f4,1
0345e7e526,1
53eacec2ef,0
ad2d036578,1
9e5e8ab6a4,0
47126dd509,1
e9ef9a00e9,1
3da51fc31b,1
ddc89d5956,1
499f7fe7dc,0
1f35cb2e27,1
23ea783065,1
dbae8ffc58,0
46e5a5f63b,1
b9d896f209,1
25080c4bad,1
760b2e5dfe,1
580f2c99e1,1
e243bee98c,1
12b499b4ca,1
95410148bf,1
3acd68b4cb,1
f3933c4b73,1
245e5f25e2,1
70740addc0,1
29d1ec5e7e,1
78a3ef0435,1
f71ed6b273,1
abc7f39d90,1
b145670ac9,1
a193f3b9e1,1
cccb3d7081,1
07ae045cbe,0
a5640db7a7,0
cc1a219c1c,0
1eac051f9c,1
31f2861133,1
8e65e54144,1
61ee532258,1
52020ad422,1
7bbc5a2473,1
dd2a769f04,1
b4ebfb22c6,1
51bdb4d865,1
f948e704f4,1
87fa9ce0c5,1
f734459c4c,1
5e14887b13,1
85eb03d6b8,1
7909fa421f,1
36631a41d0,1
8f11bf53a2,1
7e21d8a7ab,0
2f00504c96,1
bc14c389af,1
dae7a3eeb1,1
9b7811b2e0,1
06b8d9e26c,1
bcd7910701,1
7c229b34c1,0
f26105a320,0
0a5e7d6cb1,1
b34a3fd669,1
05810a7cdd,1
8531be3694,1
70187852a7,1
31d03bff54,1
2938f51a3a,1
a153babf33,1
4baf1c6930,1
d409e4ce46,1
dbc696a3ef,1
237b093176,0
2b8b0a7d10,1
a8a1e94417,1
c99820b355,1
4841c38e53,1
bd3b30d13c,1
8c03f75944,1
570a5c063b,1
383aa5ec8b,1
038a99e313,1
8862c02132,1
d83606a58a,1
9412b17d47,1
db76d74945,1
f873960a48,1
aaf69acf6f,1
361b6281a6,0
1fb696a58c,1
51f56d7464,1
1b673ea212,1
ffe02fe3f5,1
8255b23e72,1
e108bb4fa1,1
9599acaca6,1
3bd6b2df8c,1
c281b14817,1
93eb6effbb,1
30abfb5b07,1
419862456e,0
5c8a453297,0
2bbe1f652e,1
0eb1ab3558,1
baf2ccb1cc,1
259a4c12db,1
b56c29ed7d,0
f1f8d50eff,0
f61ae5403a,1
97fd42d38b,0
72624c934f,1
20967289f5,1
bd5f768159,1
9b1060a30e,1
704dfebd66,0
1177c602c8,1
92866f7b8c,1
13d0b4314e,1
892b8a0cf8,1
5d8102cab8,1
3fcdacf90f,1
17d1a66db4,1
4d22612bb6,1
3cd2b0d233,1
da72cfc9cc,0
fd57cd4c4e,1
0a57a17968,1
a9e176a76e,1
41ff25c568,1
064b2cc709,0
00b7a60703,1
6896f19343,1
cce4a3ca50,1
c9d4cf96af,1
733ac52be6,1
cf1a0bb3c2,1
8b1ef2334e,1
d31c27398f,1
9f42f42b4f,1
98cfd1162e,1
00c8cfed18,1
bbe85e3495,1
0cc4081476,1
c45f5fb9e6,1
7e5457bddf,1
d138ab0b3a,1
6ade83d96d,1
fbbeb51073,1
74b57c43cc,1
f7638c4126,1
562c683a44,1
1f403981ef,1
9358a6253c,1
628bab2c42,1
d934e438cc,0
548b9da461,1
e0f9a074cf,1
5fb992345d,1
590ede849e,0
b78e0c4c19,1
02073f1c62,1
112da4faa0,1
1d3c1b4821,1
70d05bf740,1
816bbfcd52,1
40760ea4e8,1
d6738c3768,1
e0d893b360,1
e344ef4cf6,1
84f961fdb2,1
c002c2eddd,1
7369cf2fc5,1
543a06c64b,1
1047b78606,1
62dd5efb10,1
4652d96d01,1
1f9019bba5,1
e8a7f5e1a3,1
2f2721c6fe,1
9c52e5ba66,1
d72748e39c,1
bb96cfef66,1
14c6d8edd1,1
44c3407b4d,1
6f15fcf64e,0
5a4ebbbdba,1
6ee991d0cd,0
9932b9c033,1
8ba9d3448f,1
f6f7382036,0
a93501213c,1
703a5708f6,1
683149f529,1
9a00c7fd06,1
9a1177c3fb,1
226dcfa96d,1
e4364d95c3,1
b14b4d5209,1
f04b0ca7f2,1
44c7e944b9,1
fb6110efb9,1
61c907173c,1
2334ad25e6,1
c2484278c9,1
e39cb0ca13,1
5f54c3d4cb,0
62e1413e85,1
d7b287d1e7,1
67ff57361c,1
762a44afb6,1
1a38bc0602,0
a0c3ef4a01,1
de2a14a465,1
94488794d4,1
12b631ca7b,1
95dfefd4e7,1
e637c11dca,0
3775d15b1d,1
7f62c60ffe,1
a5abb95859,1
e32bcc9304,1
f4e8990f70,0
2f9f6f89cd,1
a86d48a430,1
1e2e4371a9,0
dd3dbdf77e,1
8d4c510735,1
4ea8274298,1
b521edea57,1
a74b7578a5,1
173738ce2a,1
674bb5ca74,1
6e424d5ccf,1
d4305524e2,1
e71ac19463,1
ab464f70e6,1
d546f8c422,1
bab26fdc24,1
4f0c1d97c4,0
24a7c7e988,1
b7b0f4fb71,1
6957e5f1bf,1
ee87e14bee,1
0f9b915617,0
f3afed1887,1
51d74124da,1
bcd831b113,1
f39c65d9ef,1
1a9933a4fe,1
c4453ff2b8,1
a3f0f32135,1
f433396b44,1
6388c670c6,1
bc3032341b,0
b7c1a22a62,1
ca66e5e4b6,1
be16255b41,1
8fa75341d4,1
d147a9feb1,1
afc17894d4,0
03b569041c,1
ea5c577cb7,0
9891da8fff,0
5f42a2d026,1
d3a576d221,1
eea9145f1b,0
49ec0f5742,1
7b65e54ea9,1
80832ca578,1
be226efbd2,1
0b581d3f9f,1
1973abbb06,1
7c6b2e810a,1
ab07a3fe36,1
b8d1e767b2,1
efba862a1b,1
d109999477,1
cf64d19714,1
cc153c2a35,1
c5556624b0,1
f46d274a8b,1
910a250227,1
ab52225ed8,0
f40d533a23,1
c336250f8f,1
f23c1c4255,1
896289196c,1
02624773ca,1
31a107dbcf,1
eabaf375f4,1
51313cb3fd,1
42ebd9099d,1
6ac3031bc9,0
666f836b32,1
6e41749ac7,1
98f836e4b6,1
88b6d952b6,1
f6d56869b1,1
58272bcdb4,0
5ded2a1364,1
6612e42b28,1
c10ae302bc,1
980578403b,1
de0673a07d,1
dc0f5bca14,1
787df2fd0f,1
36f885a911,1
acf54fad30,1
8b0054a807,0
4bc7d627ad,1
6bdd5e9d7e,1
af706b4c58,1
4987043fd4,0
e7f2b44a1f,1
cc53e85d21,1
9508bfc99f,0
3ba9e80d1d,1
300c739684,1
e056f0a268,1
a050668b78,1
887e90ff88,0
047abbd04e,1
b6d5af9406,1
fd34ad6207,1
278c0dceeb,0
b6f66e0621,1
1853fae31c,1
87c799a397,0
4bc4d97503,1
d11816c1c7,0
0fe8023456,1
a9b19af9ee,1
6d65d9dc54,1
5f91766356,1
62c9a90f1d,1
2d5b920414,1
b96b9ecc3c,1
a0e8168015,1
4f9ee6208c,1
e5339e66dc,1
7811012154,1
2d361cdd4d,1
eeb047e369,1
f7378bc34c,0
d682402e60,1
2983528f77,1
4bb00e884a,1
4e4e9c3802,1
fc6128f4e5,1
bed26c1d7f,1
b6262b919a,1
61eae11e5e,1
536116702e,1
1ee5496252,1
baeb21b26f,1
d8f4aefacc,1
1f7717fc7a,1
70932f6376,1
eba3cee9be,1
a5e47d75c0,1
10b36df3e0,0
c027e514d7,1
3dbb8c1489,1
b8c518e02d,1
eeff416e05,1
a267dfc19a,1
3d1d381278,0
8d36ad290b,1
bf6727bf27,1
3864a39777,1
e84aa8b193,1
defc8b34af,1
4e43ad756c,0
0f22984306,1
ee9eaed59b,1
6dc625db0d,1
671f6900a9,1
0e0424c9bd,1
e6c2edcb0b,1
9b210c4a6f,1
4d461bba2e,1
b733d36b6e,1
68c674acdb,0
6cadda7b98,1
79a28b1ac7,1
92d94fa045,1
05a1b09ce9,1
e6b01d5777,1
2c4b87059b,1
8c5e613c41,1
6c31bc1182,1
5f4e052208,1
8485d5828e,1
3735770b07,1
4c395ff61b,1
cb673d84af,1
4ad37ac5b7,1
929b5c888c,1
fa959f2dd3,1
78d89e7c64,1
127ee02f19,1
f6c69d962e,1
4a653d8227,1
35eb97a484,1
55441697a6,1
49a1fc4061,1
2e49927901,1
f85c7e5ead,0
6033018ee4,1
0c35e093bd,1
7069dd2486,1
7a78bcf308,0
894e948ead,1
fa89412e2a,1
12b2075369,1
0d77390e74,1
8f3fc77f66,1
df0f568747,0
67a5d0a19c,1
0435d42f80,1
1e633e1874,1
81950f02a4,1
0b8b37ba52,1
aeb0593edf,1
e09f5b6b95,1
f60dbc9737,1
e0e9cb3902,1
3ec9a1578c,1
349251e2a4,1
07c4438a0a,1
441e2a5a82,1
09140327f6,1
2fadf73014,0
ef5ba215b6,1
440e8fc447,1
7eb1620dec,1
bdc7de6846,1
d2565af489,1
4ed4f2fce6,0
ecc58c9428,1
915ce84b4b,1
4d194d770c,0
eed1736183,0
13ca815d01,1
48a90031bd,1
1c14b45cee,1
242de9277c,1
b287d39fb3,1
986073590,1
081ac56240,1
095410237d,1
3cf6817f75,0
edd38781e4,1
d664f99182,1
e8ddfa3959,1
502aa24ca7,1
3861b033fb,1
86a28f67e9,1
83c92f835b,0
8d138ab15b,1
9e8665abc5,1
d4623c0bd6,1
75ca238abe,0
ec8507eef4,1
65c1831198,1
dcb745bcf2,1
cb1a68137c,1
a4d578eeb1,1
64cf7657b9,1
650fcedd22,1
0e0b4a2960,1
106a999786,1
6c18eab109,1
d792349406,0
dbdbe24969,1
5a3c9bf459,1
f61861742c,1
2a69a25949,1
8d02587ab0,1
6940969fb4,0
06aaa8e680,1
f4052e9331,1
35f539ffa8,0
736f2bd7b6,1
35e15c616c,1
4104064854,1
d5c25dbc63,1
34b7f333cb,1
bdf9453e5e,1
6c409292ce,1
ee89b16825,1
9f0147e874,1
1962233e5d,0
f2d120c26e,0
10c841e57b,1
5aa568e0a4,1
2c9aebcb01,1
101a8b583a,1
e01eb1cf88,1
7017d6c8cf,1
4793312f15,1
ed539778c1,0
198854f289,1
d1aa96a414,1
92fe747a96,1
2.08E+12,1
784fbab498,1
a3dff88c1d,1
1977ce206b,1
21c6854561,1
eb9b4d2431,1
0b3b751482,1
932af12853,1
aacd4d0c3f,1
ee35fcd036,1
44daf50a02,1
7623079330,1
e64b0cc77d,1
780ee451f1,1
59ee5ff2f9,0
001e4be1ab,1
363460c8f4,1
5be8565b8d,1
ecaa478ef4,1
acdbccaeeb,1
fc28b797bb,1
5a8f396cb2,1
06a6314076,0
82ea51ab18,1
895cec1c48,1
8fb50df8d2,1
37fa199c50,1
121b9c13c2,1
451880b8a6,1
c08a90abbd,1
23dad0b69f,1
470f2669c4,1
53aae02026,1
ec946f285d,0
0b25a31b7e,1
d2a3207aae,1
5dbb7ae2a3,1
151779dfad,1
c4393e4cba,1
88051e4bea,1
845495ffac,1
241afcd4ec,1
eb85ce805d,1
a04227ef4e,0
98c11bdba8,1
11634e3bf7,1
944cb46d62,1
c9dfbf4275,1
1c2a41d71e,1
c5d1af4ed5,1
8c582b0575,1
db331541b6,1
82c72d7fd0,0
ade8ce79b8,0
80d96cab37,1
2a054d9205,1
2f8250d0df,1
0c83190ad8,1
7ebaf21cf7,1
cabf8f9dea,1
706a860942,1
5de3c34293,1
327f378bd9,1
9d187014d5,1
e4f5ac16a7,1
7120ebfa1b,1
1b64ea8f30,1
954f523ded,1
ed4b3d03eb,1
87187923db,1
bd13675621,1
e389e41385,1
88375a5f3e,0
7257f9b2b0,1
d80d99b28c,1
f6d3caf9ed,1
a00246028f,1
57f432f582,1
14193ff01c,1
07a8205fee,1
11e23ea0ed,1
9198679ac1,0
348804d270,1
dd7a9fb210,1
839095ea38,1
fb10c20429,1
f52e7e5a88,0
db4a79059a,1
9114d80bac,1
7674cfa90a,1
7dc87b5fc5,1
6328fd1b81,1
0473875c4a,1
3709c4e1be,1
962ca0488f,1
846d43bc8f,0
aa6e04fee2,1
b84d47c65f,1
646d1df036,1
b00763f904,1
da60c4db48,1
ebecd8135f,1
5b584d38ff,1
eaf8a522e9,0
4e38efebc2,1
3195d34e5b,1
8d2be5bfc8,1
6788d6c565,1
fd7434a0e9,1
3e3496c6d4,1
81defce8a3,1
62ed3d6141,1
1219ed4a21,1
9c90694664,1
c35b8dbb8a,1
b39dbc6ee5,1
3df0f721e1,1
e9c8585ad1,1
2c9d5de236,1
f3912c1463,1
fc5aa0f34f,1
ce71d002ec,1
dab7f56791,1
4c1733246f,1
cc1f8918df,1
76f0861133,1
074b2d89dd,1
398d591255,1
f8d8ebaf8d,1
a267c3e874,1
c6e5884baa,1
b1ddb9811e,1
e30721df0d,1
ac4a84a76c,0
959c593450,0
f20074e0d0,1
259b075523,0
19365e33a0,1
78b24a76c4,1
00276ae6b1,1
3592e3ebc9,1
79c57e46eb,1
54eba9eb73,1
e17302312e,0
360af83c85,1
4331a46aba,1
10502f22bf,1
6d7cbd206f,1
5be9ccda69,1
0dc0eb905d,1
a29a76a54c,1
63491134ab,1
4fb2131d08,1
2cec07986b,1
5e84445c6a,0
fd5eece5b2,1
7b88197891,1
3ba8596881,1
ee6febbfb4,1
fff97388cf,1
e54c45018b,1
2a2c1635c8,1
ca929837eb,0
046af350ac,1
19f108c62c,1
7a897c9999,1
1aba7766ca,1
575e4a89fe,1
7e8212f5f2,0
8800a2d912,1
e05fd863d4,1
09a5b9b958,1
32b129dc3f,1
b4031d0753,1
e7a0f7ac99,1
a9da40eedd,1
3c9419868b,1
0d45e4e926,1
b667160840,1
587cf8a61e,1
89ac21e1f6,0
6769efef8a,1
b1f6fb88d4,1
34a862a739,1
5da03690bc,1
bc7b967aea,0
9be622ea54,1
faee4563bd,1
02baa25e55,1
e162b84433,1
156816e845,1
c13b15d9d1,1
204d6510c6,0
fbd510ea84,1
2793cbbfab,1
490734b764,1
b106a248a9,0
9f9a4e2bb2,1
6e2c555beb,1
838c1184b4,1
b04dcbb3be,1
71c6b00c21,1
81de3c6143,0
bfb0644d9e,1
f02bdad05e,1
f57f3b6265,0
16a66e0b8c,1
84c5b0a3f6,1
83e576fd29,1
9946895c91,1
49ec855925,1
ee51d32074,1
ab5b510355,1
d64eec0d6c,1
75b30e5358,1
514b972ba8,1
bd90c840ea,1
3ee7e1cbb0,1
e5599343e7,1
0b20eef5b1,1
790af846a5,1
f6e3a6dd55,1
abc1500c46,1
9d6fc9c77a,1
73e548424b,0
316d5aeaf6,1
7907132523,1
43ee9d3c82,1
a584ebd602,1
3d4b0a81a6,1
b303da170c,1
9f7da3aa4a,0
e22beff480,1
a6a3368db8,1
389fc0d397,1
1bed6bec2a,1
1ca1423c00,1
778c5660f8,1
9dfd003f1e,1
f61d7dbd8b,1
f5d5f1fd33,0
6be041409c,1
4c79259b5e,1
9cd32dbec4,1
675ce92149,0
1d84094014,1
dc9685bc8a,1
b7e17b2bde,1
903cce2dcd,1
1c1077af54,0
c625cee17b,1
6c82821920,1
ced1083324,1
1d428212cb,0
a4ee41dc64,1
12da846f8e,1
4f1a7d1d2c,1
d901264a08,1
61ce1c40e5,1
8dd7e34100,1
6475c6d26d,1
b681aef9aa,1
5423cf0811,1
ace8edef1d,0
8b3811c819,1
e9174e5bb2,0
0b6444627a,1
960ade8bfd,0
a8bf8239bd,1
33680fc87e,1
e0264b2a5f,0
25ce655a84,1
25f1991c36,1
84fcf21a64,1
7de5a7e4cc,1
389a3e653c,1
4c0329867c,1
20a5175d49,1
2785576a5b,1
b7299d0e70,1
e035aa9fe3,1
5eb31e181d,1
1281b062a4,1
54aa9ae3a8,1
1d18c624f2,1
9fbf0d59cc,1
f2a92aa5ff,1
0d737380e2,1
592b350f6f,1
4363c63d9c,1
533a5604dc,1
437f792822,1
de168e6328,1
d60072b03a,0
8986091fd3,1
3b743ded7e,1
79e7a9ed8e,1
dabac40552,1
b0cae38eb0,1
96e77388b8,1
3e9ba7f25b,1
4fb0995de8,1
e711c03c57,1
52576ae085,1
2b049dbcb1,1
adc5ea18b3,1
5c9645561c,1
ef329bc827,1
841a5cfcdf,1
52eaf44b44,1
895de1648c,0
9e972c1093,1
ebf2a10961,0
bd74c21c43,1
a6aeb0b520,1
24afdc75e3,1
0d4d5b49b2,1
78819d2e53,1
91c44d5912,1
11aa4945ff,1
495299c926,0
7f3b118605,1
3da6270b02,1
9a2689017d,1
5eea04087b,1
7058fc87de,1
95189cd3a8,0
40ae4f1f0c,1
d24c474353,1
b13981be78,1
44b0b41b62,1
a2c8b8dad7,1
4d818fe6e0,1
b8d9a368ae,1
0010bcc0e2,1
58c5bad2d3,0
7407e1cf5a,0
0e3d0b5ab5,1
c0e5365bf0,1
0be9ed25f8,1
04095b70bd,1
64b8d96644,1
68bf3f1fec,0
8e3b60deaa,0
341ed728c7,0
f585c22106,0
888b3fdf3e,1
540f0477e3,1
79852f9590,1
32b2c8b924,1
94e0366b6d,1
094681e31c,1
6641548d60,1
b05be3118d,0
291b817092,1
f837a046a9,1
a567459a1a,1
4cc3d3824c,1
e959cf04e4,1
271bb5e6b7,1
c8b610923d,1
27d0c01bc2,1
b86d2cca27,1
9c11756ef3,1
7bad0b9772,1
c6881ba0e1,1
81622f137d,1
82cdd851b7,1
911bd25026,0
a64b23f5e4,0
30e7967de4,1
f45a9649fb,1
da5c3fa1ef,1
22e5e3cad2,1
3ba549158f,1
a975e49753,1
c3541b6a2f,0
40e1ca4ab0,1
08d8063529,1
36aabd3627,1
8f851c59f6,1
a351659f85,1
33ae501ac5,1
3775f77081,1
cff0e3e256,1
0ac7e72578,1
b854daaaf8,1
85117f3ab3,1
daa651cfd4,0
85de235e0e,1
a8e51d1a43,0
28825fc1f9,1
0796ce6ac4,1
416726e6d2,1
0e4bcb3a52,1
dd77d3f5cd,1
bf46ac3c7f,1
3742419885,1
a203734990,1
2b70bcd0ad,1
50dd008fb5,1
c501544be4,0
5b5be601c2,0
ddb4330613,1
cc0ad12b7c,1
4aac092937,1
a1ae4e2000,1
8b37012287,1
856bb40ae0,1
cad8db609a,1
93a199b78f,1
dd49f1179d,1
5f455a3147,1
1d5d10eedf,0
16357f7283,1
5657eb8429,1
65c7eae9b6,1
ebb86c4db5,1
5bf798868a,1
756d255e40,1
4d21d7611c,1
131bc4a304,1
0a2c386597,1
71617c28b6,1
656e4dfa55,1
fb08563a7b,0
5c04a86c88,1
94c3127153,1
226c11669d,0
79e554fd60,1
582e5d7420,1
f18ed21359,1
206aba0edd,1
1f2445122f,1
ee100f96c1,1
e939fe583c,0
a1f42c0c89,1
2cebd75ed4,1
5921dbcbf3,0
e1db1eab6e,1
982b1c05d3,1
afd2159e57,1
533d941f5f,1
38c4f74767,1
f50fcc36b5,1
676b733c57,1
1aa65233b0,1
f422f53b7f,1
04887b5405,1
f7f3dc7102,1
081a4e8b31,1
1f45286504,1
6ed0958471,1
2132f07ca3,1
6db884e1a8,1
9fb3633760,0
5181eb11e4,1
13cad32c3f,1
41a86a9b67,1
0b2ccf0b7e,1
6f91801792,1
d8f089b479,1
ded636e263,1
52d7fcfd39,1
5acf4885d4,1
dfe5909132,1
59d4b58ebd,1
b5cbb35228,1
ad1524a0c7,1
0382b0a358,1
fe9c9f7f2f,0
7a4f2f28ba,0
4b3a5b41b6,1
b6cd695d48,1
cd60606781,1
32e183bbad,1
15e5ad39f3,1
bfca4ba8ce,0
062ffc4f0d,1
5bdecb0d75,1
1b59763e81,1
a17703215b,1
a240940b31,1
6c256de604,1
5955233380,1
51be0f0a7c,1
11946e367a,1
5d9e44e6aa,1
a37538b291,1
c9a52dee1f,1
1dda981140,1
35aa02c551,0
dbeef30a84,1
67381561f6,1
3911f274d6,1
ed84aa3983,1
822cf03d0d,1
670ce5e88e,1
10022832ae,1
7f8240f623,1
f1776ec89e,1
2ea6cb3bd3,1
877130d7e5,1
1937abbaac,1
0a36e72ac2,1
e4fa21bd2f,1
cfd68d702e,1
b5da09a0f6,1
53a531c7b4,1
32739ec46e,1
054d16c70d,1
b1195a418c,1
2d782345bc,1
b8b975d265,1
4b1e5d7c3a,1
5898290010,1
39f74c5153,1
3949bb2591,1
ced0bb0d25,1
5428d6a1dd,1
3f09fa2af2,1
cee062574a,1
166332e48a,0
8f25eabe4a,1
3c41934098,1
9c1e71d5e9,1
1cebd63a24,1
8e48929733,1
6545e365a0,1
b221ecd789,1
c28bdcf8dc,0
43ee369d34,1
9093f4a84f,1
b432c9fadc,1
87b8d7449f,1
36589d3c2d,1
5055018a65,1
28013de754,1
df82999f38,1
ccd4caa001,1
e10587e6de,0
d41721b745,1
fc5de3287d,1
96ed7455c3,1
1cf039efa9,1
ecfcc8230f,1
3b5d1cc375,1
5dfc83d141,1
7a7f7181c7,1
38d2b216c7,1
5f58dc8b36,1
b8332c63c9,1
da62e66fac,0
d3ac1634fc,1
ae5b8cf7aa,1
2fe4f05a35,1
aee0796720,0
5b6212874a,1
49d708c7b8,0
360583f897,1
123704488c,1
3d22669847,1
a47a7599e3,1
cbb9d08353,1
43cf42df19,1
82319bb9ef,1
0f7696a955,1
5213af0cf4,1
c400b1fb2f,1
225e7973da,1
9a9fa3f033,1
4bf04f6e67,1
989ba2d8e7,1
cb4adb2254,1
e4ecd62689,1
adb0fc398e,1
46ffb6bd0e,1
20bf68a459,1
e0f831f552,1
968910f054,1
5cc015ed85,1
380c3d243a,1
489b7fc86b,1
05198b8107,0
3c4cd5a819,1
d276268ebf,1
78e07d2075,1
e7a714bd8a,1
9c8ad0b932,1
f765bed159,0
3e661b33eb,1
17029c297a,1
565e68ade9,1
d4753cae10,1
601a57c65a,1
17bddf4bf3,1
127260366f,1
42a95b10b3,1
9630a8a60e,1
02b6664fc0,1
74e71ffd48,1
2bb3411362,1
172b9d5155,0
a3893b1fce,1
6bdaadbc09,1
949020a350,1
d8d52d2cb2,1
63a1fa4db7,1
8362ba6ae2,1
89d0e4972c,1
ac4f58fce3,1
e8641ec31d,1
a56416d946,1
efbd798924,1
eff365b5b5,1
53e1fc3b18,0
e52e2ecfc5,1
49c713c76d,0
855545a974,1
e96601d516,1
dd3d4c2edd,1
cb7163bb37,1
788e29ae5c,1
eaa096c532,1
f602450df1,1
63983dd792,1
1981e74a66,1
876bfcc38c,1
a8d61ff137,1
a375a16694,0
f420223044,1
75b9768faf,1
4c973ec65f,1
f554f3fa53,1
ae12877dcb,1
101bf94294,1
a1b12787c2,1
8645287c66,1
c8384a0df6,1
60fbd17c2f,1
51600bf195,1
94f0a2521c,0
1c5ca67cf9,1
07b995a175,1
5664973d05,1
b1caa80c14,1
5afa60036c,1
c0aee462ca,1
d4834cfc49,1
ab6d4ad2fa,1
54717dab38,1
80db97bacc,1
47617218fe,1
656a58ba47,1
03d9dd414b,1
4f2bf0e4b8,1
de20a4f9ba,1
ceab14b717,1
c2645bfd2f,0
9f2322eb66,1
19693f5997,0
d1732ef2a9,1
fcb934b1ea,1
acdd6596e6,1
f4c5160e40,1
0e3f632892,1
0b8cd8a6a8,1
29d1f7e4f6,1
264871e342,1
e4bb03893d,1
cab95c99b8,1
d847cf8346,1
babe7f5404,1
63f47fb1e1,1
bc9097ade0,1
34ea29707a,0
cd00966e36,0
40d5393a6e,1
3db940a3d7,1
9a2c6ae21c,1
fe584461ef,0
f7c49f422f,0
95dbb10a09,1
68e1b374ac,1
bc3d152a07,0
77de10258b,1
7ea7deb09d,1
4805e663c0,1
85859d775f,1
f61a3d6393,1
89a5639a24,1
454c890bb5,0
20eeee52df,1
e14bd46ac9,1
36c1a56493,1
88ea8d1421,1
5e80e58699,1
1caf64ff52,1
70fba04997,1
570c1a92c9,1
07dbf16cf0,1
dd069f5bbf,1
414734257e,0
93c0d86282,1
2b2f63eb2c,1
d8c30b8a27,1
1efbccc936,1
8a768f4305,1
b9b4e92118,1
67447c7a51,0
a0450b3745,1
d3c0cd9fba,1
70db92882c,1
54919bf6ea,1
2ae6fffca5,1
0a34728a30,1
cfa90fa221,1
ba59e4ea3d,1
1115490075,1
c4df4b1e33,1
1dbae05df7,1
04d19a025b,1
df566d4c87,1
25722484f8,1
94f554867c,1
7f5c419a7e,1
e3a8728252,1
333f3d42e2,1
4e643cc041,1
55bfdcf9bf,0
564d996422,1
3a07e1cf57,1
29a6fac317,1
4c2cb5387a,1
d0a4b8bc09,1
484373037f,1
b37fa20e4e,1
6dc1aa9db8,0
ba7df25a0e,1
4178eae6e8,1
d50b0a5b94,1
f99a3c423d,0
5fa63f624b,1
5b1260de70,1
3b26122664,1
b1da216450,1
e818eb3851,1
3c58b704f2,1
0fb19285b2,1
b8e35a07a2,1
df8b63c379,1
f9752f3768,0
d760e45546,1
914ab55259,1
42590d5199,1
aa4724b924,1
5683fb4e31,0
d73e917df5,1
b3d1523864,1
3555ac7c01,0
118e2d6168,1
a17c16036b,1
96f3650135,1
d528912ba9,1
b3920a7615,0
226df3194c,1
7ae1f564ce,1
f1f5baec38,1
d05b0f464a,1
bbbe1a1a9b,1
31b002108e,0
8af4011f58,1
55210b6e39,1
aeb56209ce,1
5026e37179,0
6d6e5c1d96,1
bf580a287e,1
31d102fb4c,1
4d3c23d2e9,1
3eacf08209,1
b659d14173,0
e78f6d920b,0
6d6e1944dc,1
1c25a69c6c,1
4862263051,1
97fb7ec718,1
18fbdd718b,1
c7f60af36c,1
c467f58715,1
c8a1dc1f03,1
6e059414a2,1
e337f23744,1
70fa6e0152,1
096ed753e9,1
46cd71439a,1
66dfc52d42,1
6647959804,1
0754d96b4a,0
12ceb7565a,1
ace00f13fb,1
15e2731c37,1
8628349c27,1
99e466c1e2,1
1e4e4b607e,1
54698d6dd1,1
b3cf47c9c0,1
bd213e5f40,1
c964730131,1
052fbbb0a9,1
39e873ffd4,1
e2c48f0201,1
19cc63aca3,1
5d713d947f,1
f180c62405,1
808aaa8dc6,1
2f43347970,1
632ea65f37,0
79f4e2fe31,0
3cf7d3cbea,1
20a2a8c3c8,1
5875847743,1
15db00c707,1
904af41287,1
88fad37761,1
b2dc9aa460,1
4c2003055a,1
e2eaec80b9,1
e96ef28e55,1
1eabe43846,1
c83acf7a6f,1
ef2f959764,1
32ad62e131,1
da15c4b003,1
670244dc63,1
38b6b897f4,1
be346f0d98,1
be8e327d50,1
0c37fc95e3,1
00688f0441,1
1ee78ef6e6,1
98434ae90d,1
ee55b5844d,1
520e9b5484,1
41e9e0fc5d,1
934ac753a2,1
b943a19a88,1
efac7aecb8,1
318bade93d,1
ecc56a776a,1
3c048c6a14,1
0d63dff2e5,1
1fc3517acb,1
4ef9dfdd0a,1
fc0d5427f8,1
9f69f15ca6,1
2d6ecef1de,1
6334ad4725,1
fe9b205b30,0
3266de0475,1
ca1d744985,0
81ef3d303f,1
1f163ffa8a,1
896669ae51,0
f8393c572a,1
87bfbb125b,1
1738ee7f17,1
41e53f9cb9,1
d948eb5d1e,1
c9c0e975c0,1
f3e83b7d22,0
60b050c72a,1
7037789f98,1
1c66900f85,1
02aa2d95ca,1
69728f3226,1
3563567f97,1
e19f77eaf8,1
c3e4e319b8,1
d2be8d7fd4,1
e57eafee65,1
a42e148220,0
f5e5205d2e,1
96a8112f12,1
b9cb67bd1c,0
18219a326d,1
306795507a,1
4e05652b8c,1
d24bdd2844,1
1b4612b286,1
ac75f9e59f,1
7a5e6a6349,1
bd115d950b,1
a875ccc879,1
70d2e5add2,1
943b1558e1,1
252a0078c7,1
f245456ba5,1
e9c03baff9,1
5865232bd7,1
a16f652927,1
acf7eddf2b,1
da39cbf3e8,1
3d054d1072,1
e4891b511b,1
da37487780,1
be78fe3df4,1
a30a9b4003,0
ad0dd05c20,1
f347bda133,1
861f5b2008,1
27e3a4acfe,1
8628c6df3d,1
fd871c70ad,1
f525424cfe,1
f3afc03b4c,1
103c6425c9,0
6fbd9f3ae7,1
ca8ae20678,1
cb349ee334,1
e5d88bca69,1
63d6ff064f,1
df9709f719,1
0828b1848f,1
3f6bf57365,1
e1b0bb3509,1
2d8d4624f2,1
84ba2c6195,1
eff38f3689,1
fc2a587094,1
3e5c571a1a,1
cc7e3d0e3f,0
3ed3cffe21,1
d31f0597f5,1
47a47bd1a0,1
bf9189459f,1
199d624a97,1
c23bf94285,1
a3cd0a7228,0
4219979931,1
ab925cac3e,1
e2bf49618d,0
d6dcf8c5ef,0
d4aa6a714a,1
dc78ad00d3,1
0a49d88d14,1
ca75f7e584,1
d18a55e49e,1
620741fc16,1
3289389558,1
1496a45408,1
a4b7cca240,1
f321d7a256,1
e1dbabfca3,1
f4855a1986,1
92b95ebfbf,1
f8d2395684,0
a4468f0e74,1
850681c6b2,0
6999d42bd9,1
07a3ac5a80,1
7f4a82153d,1
84548ab6e2,1
9c65f93a2b,1
448c887bd1,1
e19ed00091,1
b59a892581,1
be6d61ef42,1
6b6ff812c1,1
f02147d638,1
a85e779682,1
52e7b6c3d1,0
8247622f9b,1
df320b92cd,1
5fb30f858b,1
238f8d875e,1
02883c7ab1,1
3593dbe193,1
9b186b77f1,1
d9bc353713,1
f4032fd33c,1
93b34b1964,1
aa2c27ea07,1
2e56c6a83e,1
2e94c6bf84,1
a1b435d7b2,1
c5628b1962,1
0aec5ff9a0,1
09910a212e,0
e5b36bbce3,1
d8ea663169,1
5773cb0640,1
8c5d6357cf,1
d01966504b,1
02ea3e88bb,1
1e52917c17,1
4d5a01ceea,1
656119dd86,1
f68a3ece4b,1
22d22bda0a,1
f2a3b9d7f4,1
bc3c21ca4e,1
b9285b80a9,1
47e8896447,1
c2828fbc35,0
a4ab64c15c,1
da4a26cd96,1
3b388efbe6,1
449d73bf4f,1
c63415814e,1
c818fdf4b8,0
da76e6c8e1,1
b9798fcba9,1
b40a435ea7,1
d6606e8167,0
d9564b50ef,1
0d769aca27,1
23a614d341,1
c4a00650cd,1
5aa8c0daad,1
adf5be9ada,0
343c2dd395,1
e64a4d5361,1
facd1f468e,1
11a3a0fb9d,1
61fde0e7e6,1
769c8775bf,1
24747934b4,1
d79f6eda9d,1
e8bbfed756,1
413eef8c27,1
90fddcbca5,0
33745d82ff,1
59b63d3b0f,1
032fc2b3a2,1
739f17cfe1,1
4db44fd32a,1
06ed7a838d,1
fb7e52a340,1
7574ef7536,0
e2d8e05859,1
6ff99dcdc1,1
6e0abe59f9,1
ec1dd094c2,1
6471ce79df,1
7ae4f41a31,1
44da94a9b7,1
a3dc4cf37a,1
b2309cd1ce,1
34e4bf2b94,1
6fe5a83801,0
f87b8847a9,1
948fd09708,1
8244eb7ae9,1
f446d26bfc,1
da3dd37b70,1
a7a5cb1584,0
16fd300910,1
6a818203a8,0
3102d159d1,1
0eb06a4076,1
4454e4d53a,1
2b18f3c81f,1
e8e5d28fb4,1
c3feee17fd,1
eadd269ce5,1
fd5ee5b52e,1
b454c1364b,1
77e57c378f,0
e24b1487e4,1
41bb347c8c,1
d7f63d1bb6,1
13ff4f0f99,1
34533b5903,1
63c7425486,1
44c1c813a1,1
8e34972820,1
bb8443d7e2,1
cadb7e8823,0
65019c18cb,1
126e2e83d6,0
42d4d17693,1
8837fac289,1
1fb1670192,1
669c709c0b,1
c7e52408c8,0
f6f96dd249,1
f8456f260f,1
51ddb4abcf,1
15a017a8e4,1
089f2af7b9,1
28bd0fcd11,1
f79609f1b3,1
8e7d2d0ea4,0
b847eb1075,1
f923746a3f,0
80279a9e74,1
5d3d18f13b,1
6debbd53ee,1
f2906f0420,1
a7f12fa546,1
a72c5d15b7,0
bd4c861cc2,1
5ec14d968a,1
ca2896a372,1
416e6352b9,1
2987cae592,1
692cd6a34b,1
7067e6046d,1
c4210150ee,0
bd095b4751,1
3dd127f4af,1
8bdaf388f3,1
9ddcd3f037,1
0457eb75c2,0
598d35cd58,1
472fc56661,1
d46052706c,1
6a784b0c72,1
16466d0ff2,1
68a6cf591a,1
04c455e820,1
eae7117612,1
548e2f1e34,1
32a34847dc,1
4ed24c845a,1
fc73012712,0
fa8998df98,1
e540ebed83,1
e2591a4f5a,1
ba443581ae,1
1e7bb0e6dc,1
3629287285,1
f4eae403c0,1
8d86885941,1
2f6e1bc40b,1
62bb51eb64,1
3f8fc09752,0
e62ebf8ec0,1
9662de1204,0
44bf854f69,1
0b583242d0,1
b8846d0a50,1
898b9a9338,1
cb5041f872,1
144e6fb3ad,1
43288822ee,1
9a6c971e84,1
a9edef474b,1
09a2245f93,0
3a42bc3485,1
3c343d4e1e,1
b7259fcba2,1
d2443706bf,1
842e9e031b,1
8dc2975248,1
a838619ca9,1
7ae1499198,0
6c5002df01,1
2c0f4ee9e2,1
c8cfe01c4f,0
e6f7199479,1
b9b983a83c,1
08ad89c6b0,1
edde6bb21e,1
fb1c0ecec0,1
e01f6a7ec2,1
6068de7168,1
5adce8e8fc,0
ed3f95dd2a,1
c7e96d2411,1
5e6cdd7c91,0
2ee99fc907,1
52c2bbf770,1
311f189ee4,1
fa3d1d0975,1
7005fce01c,0
0a4594beed,0
667e216a44,1
cddefa4364,1
5612d59230,0
0690c4b873,1
f589c8b60d,0
79331f42cf,1
1038091281,1
653f3adcde,1
5a17107aba,1
8dd4c2b501,1
bf4c610e53,1
b1a2c1b94c,1
a624cc6757,1
7c5b5c6f96,1
397ef3478d,1
917e217975,1
a657e300d0,1
1872e32e07,1
c5698ba3eb,1
6cd9991cca,1
2bb759d569,0
926f9f5895,1
b4ea682d4b,1
c2fe8bbad7,1
0d7f89029b,1
a0e7618e7a,1
12d70a758e,1
d86941ec1c,1
9de7ee1962,1
4cb6f71974,1
10db37e108,1
881affa1a2,1
82582f6d17,1
10b9feacd2,0
9f89432794,1
684b2dcea7,1
2f8444db6c,0
8e8ff8dc66,1
27bf96d1b5,1
21af13b50e,1
daaff3f5f6,0
836dd77850,1
0197e3ebbc,1
796110430b,0
3f09c16e52,1
8f892ed3b2,1
a8e2c45625,1
6030362588,1
323e67716f,0
cda2c56cef,1
7cb093f4c3,1
a9b6058320,1
197bec62c7,1
5db58f4182,1
bbf1006316,1
3eedba9550,1
b9b532f7a2,1
3a23f53b85,1
736f85408d,1
2bffd86b55,1
b4d1c8c080,1
c5ee1ee772,1
138fa4e0f4,1
4bcb9c582c,1
756300c03d,1
e3ba5e82d3,1
700c41e7c0,1
f19f0c1482,1
f637b48a5c,1
6fa5a04599,1
d54d4de7e5,1
71f389a974,1
7b05d819ee,0
1e32ad1b17,1
e89cbe91e0,1
b22895c538,1
8353cc778e,1
10e991f020,1
128a73fbfd,1
a3c5d75bbb,0
2b8fcaed04,1
37daa255ea,1
9508aeca0c,1
5d47d76ed3,1
a0840086ab,1
9f23e5d8f5,1
c7a59f50c3,1
7ff53f335c,1
e96c25a560,1
56c08b2df6,1
d08af78eef,1
fdd3a09897,1
aef284756a,1
84a2eb963a,1
df2a0c498a,1
8230f9ad74,1
ea7e409dcc,1
cf1ea9af3b,1
b29a9ec749,0
9d6e14002f,1
051025ff7f,1
30eecabd12,1
fe51ca37d4,1
75dcba6339,1
74676aaaed,1
cec0440736,1
c4f4b37c8b,0
65f5ce236f,1
66f40f0026,1
e38fab54b2,1
d67edb73e6,1
0c0d180b5c,1
e739d7e64e,1
2e982cc27d,1
3ed1480471,1
3e99500fa4,1
00ce730001,1
ea57382c80,1
0972b54c53,1
3b8b4be00b,1
755a345dc8,1
88a4e96eef,1
d881666768,1
998b50607e,1
a185f0cc24,1
6cee199f3e,0
34522a55d8,1
dc513a682c,1
cc75fbff94,1
fdd859e2d9,1
e0c0860417,1
f0854a3951,1
356411fd5a,1
c780b84d97,1
3e7c1d3c6b,1
e79ca3a450,1
5609c1212e,1
8c8e32f76f,1
dda6145689,1
f03669fe8c,0
7fb2ca19e9,1
25ea895560,1
2b6ec32c28,1
894a3f680a,1
c258bebc27,1
e53f3fb1a4,1
9cf0c77bc1,1
9e07e4f596,0
bb14e1f4cb,1
8f65a41e73,1
c29116d111,1
efb43fce11,1
7053623c26,0
72ee8deee3,1
6ffc960726,1
586e68c59d,1
04b57c4359,0
e33459f8f1,1
43c61eb7a3,1
a7a96b2c1d,1
87cd836d7b,1
a72f4f357b,1
ad5d8a84c1,1
18a11e8dbd,1
2e8bd923d0,0
ebae3ed394,1
10c55c13b8,0
b26843421f,1
f3c6e98737,1
b9ade6591a,1
3ae98f1cae,1
3477bb4c82,0
193fe8822f,1
b631ec4bfa,1
6913d9c30e,1
07d608a03d,1
d0ce0ab587,0
425c9eb614,0
43790fc27b,0
727cbe5970,1
7d0291358f,1
9dec21d822,1
3d90ad58ee,1
12b08fabd2,0
f97b6d38ed,1
93370a10dc,0
3ff2b333c3,1
ec9c43fbb3,1
99fdaff40d,1
0c524f5e69,1
1783b5eb60,0
932227184c,1
00f377c634,1
b99ba239de,1
1f9663bb46,1
23d8ccab77,1
f59bbec4a3,0
a37b6c27a2,1
1d06a9cc02,1
e124c79abd,1
5a5d7e4d2f,0
bd3b5dbd9a,1
12e0187cb9,1
ea032bbaaf,1
e42d0e6e9d,0
946573f031,1
2d5051cce9,1
16fb14a0f7,0
8b5e410207,1
eaeee872b9,1
e8d8465eab,1
1a857a38fb,1
25694a4e38,1
a4b3b95e89,1
2e57d38abb,1
d6b053947f,1
7db93d25c6,0
94977637ab,0
a028e284db,1
513358abe6,0
d2dbf84fe0,1
9d8efb8db9,1
88040d7737,1
db4bb26337,1
9e2748c5e4,0
060acf7042,1
5ad2c5e27b,1
6a5af5f4c5,1
6fe391edf6,1
74e36c1c25,1
2dfbe0b7fb,1
fbd7404138,1
a26a75179f,1
6a72b1eb3c,1
981a6f186d,1
d794425886,1
2280788f99,1
16ac3c903c,1
007eeb40ff,1
8f44c2f7bd,1
da82d37656,1
970d89d516,1
13d29e0bab,1
afe5ce5d7d,1
979153b838,1
b34f37f31d,1
036b210d6b,1
5bfc1c74e0,1
c1388fc963,1
fd1db57dc0,1
e7d70b0d76,1
f3f0fde02e,1
bb47fa7074,1
8882fae1ac,1
c7b61da1e2,1
ab881218a0,1
e2b73ce8df,1
665dcd4cf2,1
0b4a2b2eb1,0
0e72caa348,1
2c39030bc4,1
47caebc343,1
2dd1bb7561,1
109516d45f,1
2c4545ae23,0
8ef3dee547,1
1944d83437,1
967e1b9ad9,1
e4ef55358a,1
da276b88e8,1
c6c2478e74,1
9e29d43b20,1
1012d3a39c,1
e37a7b9128,1
e206dff6da,1
9ffc800a5c,1
e9e0de67a2,1
5ebdc7d817,1
1d5318a66f,1
35182b1866,1
5caa73746c,1
c3384d4c6b,0
95305a8336,1
b7df44c04f,1
94ba09618a,1
dec8c3dac3,1
1ef4bca3f5,1
95b7fa6314,1
9eb21f1e58,1
49e25011f6,1
0a6580a2ca,1
49096c54e2,1
1746f40680,1
13fccb0fb5,0
97dbf6e8e1,1
b7f1a0cd1a,1
689c6b69c9,1
a08d95184f,0
d36296a726,1
e976f2769d,1
1297b5f02d,0
d205b332e6,1
bb0316a749,1
addf08efba,1
0c53b2d4c0,1
bacb2d1061,1
864cddfae8,0
0a92e46208,1
85ef239798,1
7276d2cde2,0
d53ddd0172,1
064a8c4847,0
edef02e047,1
695f322a0a,0
a35314257a,1
2641ac37a6,1
7a1556637a,1
08c5eb64a5,0
6397544955,1
afc326749d,0
79f88c9c67,0
db828c7bda,1
08d12b46b2,1
b9078fdb88,1
6434edb2a5,1
93c709ddbb,1
261ead9c14,1
4bd68426ce,1
6ff929e04b,1
d26c5024c9,1
ae45bdeb6d,1
2d0cd25243,1
01fdd344f2,1
f1e14aaf4e,1
cbd87d2326,1
dac8af239c,1
213f65851d,1
41c5bce464,1
669a4ee511,1
d8999ff49b,1
eb96d21b64,1
8e2432e61d,1
6d68218d8b,1
a00d6e8a18,0
68238c0940,0
0f870b905c,1
afd1917b36,1
6d3c1d8ff7,1
6face8f81f,1
291a81553f,1
7b2a38faa7,1
415e492cfb,1
374ab5e6cd,1
18bcba79be,1
f529745a98,1
ba6d7433fe,1
056c205514,1
ab65e404fd,1
0815af3970,1
897dab966b,1
694a98d42f,1
1b5a4bc443,1
92ef69c5ca,1
4c2540598c,1
201c6c35e2,1
b3c6a71077,0
f78d0594ce,1
11cab5bac2,1
37c1594abc,1
d0c93e2a81,0
83d9d8ffbe,1
a9b155d544,1
37681f23e9,1
1305139c4a,1
3cdfcc7a2c,1
09554aef59,1
c25f1544bd,0
32cde6dbc5,0
4e1101e520,0
ed58e3db1d,1
daba837f14,1
9664d60456,1
a29a6f5c41,1
a4d9ee1aac,1
5729a6ebb9,1
b93d5198af,0
771545d181,1
65cbb266bf,1
b93f47d6b0,1
ce7efcdd0d,1
d18a58850f,1
f48211d914,1
38c94c08b8,1
bb16d5ae08,0
817b6da55c,1
6bb7fa91b2,1
a9b501f7cd,1
540fd43bae,1
9e734c1ed3,1
0145dc9e7c,1
bbcf6de580,1
342c394b9e,1
fa625455c7,0
14c9c24f55,1
475e19cb22,1
e035bf28b6,1
a2a8a42a36,1
42e4df338b,1
c0a39bf520,1
645e740cb0,1
2bca22c7f3,1
c0603f62dd,1
f0c1aa8e72,1
a24748151f,0
4626b8b37a,0
caa591cb69,1
46632450a3,1
7505a3b214,1
8d69c4d8e4,0
91c6546f6b,1
d29e6d773c,1
e0589e3ebd,1
a4f6100563,1
d3d8561006,1
c005d6cfde,1
bb3ef3c925,1
b5eb308679,0
936cc72c9d,1
1af280ac83,1
8034e259de,1
d45f55fad0,1
a7a4f1809e,1
6564a03aa0,1
f6df0fdbff,1
b8547d3835,1
ed036f1d74,1
a237d86171,1
82dd0bcffe,1
89de64f532,1
e0f51840d2,1
20f387fede,1
5d85831fa3,1
9ef3a57e41,0
2a20862961,1
218412b76a,1
1d865c0717,0
7b474b659d,1
73afc6a90d,1
00e1d9ed60,1
7a059ccc2f,1
e4c90cafae,1
675d0f99ee,0
82369ff2a2,1
46f859bacf,1
d3b70656cd,1
d6788e5a4f,1
bef904fa13,1
5f72b7df41,1
43661e198b,1
2cc6d6b3e6,1
4ca97418b7,1
be2fadb2bc,0
1c0b70106f,1
4d9a27e25a,1
834651667b,1
688784c5a9,1
7d32d4866a,1
0cbab4e443,1
d57bd01b7e,1
a5912f5b7b,1
b0f7ac544d,0
73fd2537e6,1
20f35978fb,1
9a8cde88ea,1
9f48b1d3fa,1
79bd7de23f,1
6b3c3e22d5,1
b411bd3afb,0
469196b094,1
7b65a847b6,1
cc28178ef0,1
4200e8b73c,1
77a7b3282b,1
76b40b8c3d,1
1b6fe730fd,1
2a04e6e839,1
f944be482a,1
d461b50edb,1
d8ab713a6a,1
e838d1f366,1
885b8f47f7,1
ac3b9688c6,1
0f93a7a6ff,1
9a38abcf54,1
863e09ee74,1
9501aabea3,1
40ada63a36,1
c956722677,1
1c6ce0a7e3,1
5648799bc4,1
59fd038492,1
0ef8ddf4a1,1
50ba66785b,1
827fa68ce4,1
a60b818d1d,1
316a1d0f4c,1
1dc7f3d536,1
c08d28468b,1
043c3b53f8,1
5fc6e71643,1
27829d97bd,1
603a6f30be,1
f13fd6b067,1
6bda8dca4d,0
b70db9bf31,0
c9980ac0cd,1
8798f0a924,1
edef93288d,0
9f345b18c5,1
5f857f8279,1
391211cd64,1
b01c4cd28a,1
3a92bdf00a,1
d24ea15375,1
c3c168bc80,1
189ea0d26f,1
fa117106ef,0
f66bda14c6,1
cf3dafabb3,1
242910ff98,1
60e5c2c335,1
72b5155719,1
bbfe533366,1
4cb0ab19ed,1
58e2a00ab8,1
0a0e2a4f78,1
975554343f,1
c7be378db2,1
87737f8e62,0
558fe1316b,1
a6687519e2,1
91f8e27d4c,1
9a10e4813f,1
2b31cedc6d,1
db783cf66a,1
036cd6abb0,1
e965e50c60,1
b1c36b70a4,1
4d2de9d1af,1
0c2e7ab834,1
0bb5b4d19c,1
e5f0e6ef4b,0
416863ce47,1
6332da480c,0
df1baec676,1
469e15c5a8,1
,1
,1
,1
,1
,1
,1
,1
,1
,1
,1
,1
,1
,1
,1
,1
,1
,1
,1
,1
,1
,1
,1
,1
,1
,1
,1
,1
,1
,1
,1
,1
,1
,1
,1
,1
,1
,1
,1
,1
,1
,1
,1
,1
,1
,1
,1
,1
,1
,1
,1
,1
,1
,1
,1
,1
,1
,1
,1
,1
,1
,1
,1
,1
,1
,1
,1
,1
,1
,1
,1
,1
,1
,1
,1
,1
,1
,1
,1
,1
,1
,1
,1
,1
,1
,1
,1
,1
,1
,1
,1
,1
,1
,1
,1
,1
,1
,1
,1
,1
,1
,1
,1
,1
,1
,1
,1
,1
,1
,1
,1
,1
,1
,1
,1
,1
,1
,1
,1
,1
,1
,1
,1
,1
,1
,1
,1
,1
,1
,1
,1
,1
,1
,1
,1
,1
,1
,1
,1
,1
,1
,1
,1
,1
,1
,1
,1
,1
,1
,1
,1
,1
,1
,1
,1
,1
,1
,1
,1
,1
,1
,1
,1
,1
,1
,1
,1
,1
,1
,1
,1
,1
,1
,1
,1
,1
,1
,1
,1
,1
,1
,1
,1
,1
,1
,1
,1
,1
,1
,1
,1
,1
,1
,1
,1
,1
,1
,1
,1
,1
,1
,1
,1
,1
,1
,1
,1
,1
,1
,1
,1
,1
,1
,1
,1
,1
,1
,1
,1
,1
,1
,1
,1
,1
,1
,1
,1
,1
,1
,1
,1
,1
,1
,1
,1
,1
,1
,1
,1
,1
,1
,1
,1
,1
,1
,1
,1
,1
,1
,1
,1
,1
,1
,1
,1
,1
,1
,1
,1
,1
,1
,1
,1
,1
,1
,1
,1
,1
,1
,1
,1
,1
,1
,1
,1
,1
,1
,1
,1
,1
,1
,1
,1
,1
,1
,1
,1
,1
,1
,1
,1
,1
,1
,1
,1
,1
,1
,1
,1
,1
,1
,1
,1
,1
,1
,1
,1
,1
,1
,1
,1
,1
,1
,1
,1
,1
,1
,1
,1
,1
,1
,1
,1
,1
,1
,1
,1
,1
,1
,1
,1
,1
,1
,1
,1
,1
,1
,1
,1
,1
,1
,1
,1
,1
,1
,1
,1
,1
,1
,1
,1
,1
,1
,1
,1
,1
,1
,1
,1
,1
,1
,1
,1
,1
,1
,1
,1
,1
,1
,1
,1
,1
,1
,1
,1
,1
,1
,1
,1
,1
,1
,1
,1
,1
,1
,1
,1
,1
,1
,1
,1
,1
,1
,1
,1
,1
,1
,1
,1
,1
,1
,1
,1
,1
,1
,1
,1
,1
,1
,1
,1
,1
,1
,1
,1
,1
,1
,1
,1
,1
,1
,1
,1
,1
,1
,1
,1
,1
,1
,1
,1
,1
,1
,1
,1
,1
,1
,1
,1
,1
,1
,1
,1
,1
,1
,1
,1
,1
,1
,1
,1
,1
,1
,1
,1
,1
,1
,1
,1
,1
,1
,1
,1
,1
,1
,1
,1
,1
,1
,1
,1
,1
,1
,1
,1
,1
,1
,1
,1
,1
,1
,1
,1
,1
,1
,1
,1
,1
,1
,1
,1
,1
,1
,1
,1
,1
,1
,1
,1
,1
,1
,1
,1
,1
,1
,1
,1
,1
,1
,1
,1
,1
,1
,1
,1
,1
,1
,1
,1
,1
,1
,1
,1
,1
,1
,1
,1
,1
,1
,1
,1
,1
,1
,1
,1
,1
,1
,1
,1
,1
,1
,1
,1
,1
,1
,1
,1
,1
,1
,1
,1
,1
,1
,1
,1
,1
,1
,1
,1
,1
,1
,1
,1
,1
,1
,1
,1
,1
,1
,1
,1
,1
,1
,1
,1
,1
,1
,1
,1
,1
,1
,1
,1
,1
,1
,1
,1
,1
,1
,1
,1
,1
,1
,1
,1
,1
,1
,1
,1
,1
,1
,1
,1
,1
,1
,1
,1
,1
,1
,1
,1
,1
,1
,1
,1
,1
,1
,1
,1
,1
,1
,1
,1
,1
,1
,1
,1
,1
,1
,1
,1
,1
,1
,1
,1
,1
,1
,1
,1
,1
,1
,1
,1
,1
,1
,1
,1
,1
,1
,1
,1
,1
,1
,1
,1
,1
,1
,1
,1
,1
,1
,1
,1
,1
,1
,1
,1
,1
,1
,1
,1
,1
,1
,1
,1
,1
,1
,1
,1
,1
,1
,1
,1
,1
,1
,1
,1
,1
,1
,1
,1
,1
,1
,1
,1
,1
,1
,1
,1
,1
,1
,1
,1
,1
,1
,1
,1
,1
,1
,1
,1
,1
,1
,1
,1
,1
,1
,1
,1
,1
,1
,1
,1
,1
,1
,1
,1
,1
,1
,1
,1
,1
,1
,1
,1
,1
,1
,1
,1
,1
,1
,1
,1
,1
,1
,1
,1
,1
,1
,1
,1
,1
,1
,1
,1
,1
,1
,1
,1
,1
,1
,1
,1
,1
,1
,1
,1
,1
,1
,1
,1
,1
,1
,1
,1
,1
,1
,1
,1
,1
,1
,1
,1
,1
,1
,1
,1
,1
,1
,1
,1
,1
,1
,1
,1
,1
,1
,1
,1
,1
,1
,1
,1
,1
,1
,1
,1
,1
,1
,1
,1
,1
,1
,1
,1
,1
,1
,1
,1
,1
,1
,1
,1
,1
,1
,1
,1
,1
,1
,1
,1
,1
,1
,1
,1
,1
,1
,1
,1
,1
,1
,1
,1
,1
,1
,1
,1
,1
,1
,1
,1
,1
,1
,1
,1
,1
,1
,1
,1
,1
,1
,1
,1
,1
,1
,1
,1
,1
,1
,1
,1
,1
,1
,1
,1
,1
,1
,1
,1
,1
,1
,1
,1
,1
,1
,1
,1
,1
,1
,1
,1
,1
,1
,1
,1
,1
,1
,1
,1
,1
,1
,1
,1
,1
,1
,1
,1
,1
,1
,1
,1
,1
,1
,1
,1
,1
,1
,1
,1
,1
,1
,1
,1
,1
,1
,1
,1
,1
,1
,1
,1
,1
,1
,1
,1
,1
,1
,1
,1
,1
,1
,1
,1
,1
,1
,1
,1
,1
,1
,1
,1
,1
,1
,1
,1
,1
,1
,1
,1
,1
,1
,1
,1
,1
,1
,1
,1
,1
,1
,1
,1
,1
,1
,1
,1
,1
,1
,1
,1
,1
,1
,1
,1
,1
,1
,1
,1
,1
,1
,1
,1
,1
,1
,1
,1
,1
,1
,1
,1
,1
,1
,1
,1
,1
,1
,1
,1
,1
,1
,1
,1
,1
,1
,1
,1
,1
,1
,1
,1
,1
,1
,1
,1
,1
,1
,1
,1
,1
,1
,1
,1
,1
,1
,1
,1
,1
,1
,1
,1
,1
,1
,1
,1
,1
,1
,1
,1
,1
,1
,1
,1
,1
,1
,1
,1
,1
,1
,1
,1
,1
,1
,1
,1
,1
,1
,1
,1
,1
,1
,1
,1
,1
,1
,1
,1
,1
,1
,1
,1
,1
,1
,1
,1
,1
,1
,1
,1
,1
,1
,1
,1
,1
,1
,1
,1
,1
,1
,1
,1
,1
,1
,1
,1
,1
,1
,1
,1
,1
,1
,1
,1
,1
,1
,1
,1
,1
,1
,1
,1
,1
,1
,1
,1
,1
,1
,1
,1
,1
,1
,1
,1
,1
,1
,1
,1
,1
,1
,1
,1
,1
,1
,1
,1
,1
,1
,1
,1
,1
,1
,1
,1
,1
,1
,1
,1
,1
,1
,1
,1
,1
,1
,1
,1
,1
,1
,1
,1
,1
,1
,1
,1
,1
,1
,1
,1
,1
,1
,1
,1
,1
,1
,1
,1
,1
,1
,1
,1
,1
,1
,1
,1
,1
,1
,1
,1
,1
,1
,1
,1
,1
,1
,1
,1
,1
,1
,1
,1
,1
,1
,1
,1
,1
,1
,1
,1
,1
,1
,1
,1
,1
,1
,1
,1
,1
,1
,1
,1
,1
,1
,1
,1
,1
,1
,1
,1
,1
,1
,1
,1
,1
,1
,1
,1
,1
,1
,1
,1
,1
,1
,1
,1
,1
,1
,1
,1
,1
,1
,1
,1
,1
,1
,1
,1
,1
,1
,1
,1
,1
,1
,1
,1
,1
,1
,1
,1
,1
,1
,1
,1
,1
,1
,1
